Label,AverageBytesAvailable_1,AverageBytesAvailable_5,AverageBytesAvailable_10,AverageBytesAvailable_25,AverageBytesAvailable_50,AverageBytesAvailable_100,AverageBytesAvailable_200
Delete,1.00139008E8,1.20406016E8,1.23027456E8,1.24452864E8,1.40394496E8,1.6207872E8,1.50880256E8
Update_Put_TitleOnly,1.95084288E8,1.9390464E8,1.92987136E8,1.93937408E8,1.9890176E8,1.91873024E8,1.99180288E8
Update_Put_AllFields,1.9521536E8,1.9570688E8,2.11795968E8,2.10747392E8,2.052096E8,1.48619264E8,7.7103104E7
Update_Post_TitleOnly,6.955008E7,6.250496E7,7.8987264E7,6.8681728E7,7.757824E7,5.8589184E7,5.4771712E7
Create_OnlyTitle,3.83123456E8,2.1118976E8,2.18963968E8,2.19168768E8,1.85942016E8,1.08347392E8,1.15294208E8
Update_Post_AllFields,5.4870016E7,6.053888E7,5.5345152E7,5.832704E7,5.8441728E7,5.0806784E7,5.1085312E7
Create_AllFields,1.21339904E8,1.21257984E8,1.08068864E8,1.0764288E8,1.24993536E8,1.08937216E8,1.3549568E8
