Label,AverageBytesAvailable_1,AverageBytesAvailable_5,AverageBytesAvailable_10,AverageBytesAvailable_25,AverageBytesAvailable_50,AverageBytesAvailable_100,AverageBytesAvailable_200
Delete,1.6146432E8,1.77160192E8,1.3484032E8,1.82747136E8,1.30121728E8,1.73539328E8,1.34651904E8
Update_Put_TitleOnly,1.76226304E8,1.36462336E8,1.38625024E8,1.73326336E8,1.31825664E8,1.7088512E8,1.22519552E8
Update_Put_AllFields,1.63807232E8,1.25468672E8,1.7481728E8,1.41492224E8,1.7883136E8,1.31219456E8,1.44162816E8
Update_Post_TitleOnly,8.2558976E7,1.1051008E8,1.069056E8,9.232384E7,1.21044992E8,1.27844352E8,1.31039232E8
Create_OnlyTitle,2.14974464E8,1.76668672E8,2.56688128E8,2.1536768E8,2.32292352E8,1.95715072E8,1.70500096E8
Update_Post_AllFields,1.2279808E8,1.25763584E8,1.27975424E8,1.2541952E8,1.24059648E8,1.17653504E8,1.42721024E8
Create_AllFields,1.80862976E8,1.41934592E8,1.63692544E8,1.38657792E8,1.708032E8,1.3492224E8,1.93626112E8
