Label,AverageBytesAvailable_1,AverageBytesAvailable_5,AverageBytesAvailable_10,AverageBytesAvailable_25,AverageBytesAvailable_50,AverageBytesAvailable_100,AverageBytesAvailable_200
Delete,2.33472E8,2.3945216E8,2.38764032E8,1.9456E8,1.7432576E8,1.73654016E8,1.64052992E8
Update_Put_TitleOnly,1.56516352E8,2.14990848E8,2.13303296E8,2.1471232E8,2.15269376E8,2.15924736E8,2.04374016E8
Update_Put_AllFields,2.0471808E8,2.08207872E8,2.04701696E8,2.06143488E8,2.0570112E8,2.03997184E8,1.61062912E8
Update_Post_TitleOnly,9.2225536E7,9.1291648E7,1.19160832E8,1.01122048E8,7.7348864E7,8.241152E7,7.7430784E7
Create_OnlyTitle,4.44481536E8,3.65887488E8,3.75791616E8,3.72768768E8,3.31923456E8,2.695168E8,2.49413632E8
Update_Post_AllFields,7.839744E7,7.7234176E7,7.8348288E7,7.6627968E7,7.6890112E7,7.7135872E7,7.5661312E7
Create_AllFields,2.6017792E8,2.61668864E8,2.00720384E8,1.8939904E8,1.89825024E8,1.912832E8,2.18914816E8
