Label,AverageBytesAvailable_1,AverageBytesAvailable_5,AverageBytesAvailable_10,AverageBytesAvailable_25,AverageBytesAvailable_50,AverageBytesAvailable_100,AverageBytesAvailable_200
Delete,6.1947904E7,7.4334208E7,5.3870592E7,5.9408384E7,6.7813376E7,8.5295104E7,6.4094208E7
Update_Put_TitleOnly,7.3252864E8,7.19126528E8,7.1753728E8,6.7477504E8,6.64141824E8,6.93354496E8,6.7436544E8
Update_Put_AllFields,5.77470464E8,5.86530816E8,5.73292544E8,5.82565888E8,6.26573312E8,5.81255168E8,5.52353792E8
Update_Post_TitleOnly,5.19962624E8,5.0651136E8,5.00498432E8,6.52623872E8,7.71735552E8,6.62110208E8,6.00408064E8
Create_OnlyTitle,6.7756032E7,7.5300864E7,6.5355776E7,6.8968448E7,6.393856E7,5.0495488E7,7.7365248E7
Update_Post_AllFields,4.7259648E8,4.28081152E8,4.34126848E8,4.40582144E8,4.29113344E8,4.21593088E8,4.7726592E8
Create_AllFields,6.4749568E7,4.685824E7,5.668864E7,7.7643776E7,6.6666496E7,8.82688E7,7.5055104E7
