Label,AverageBytesAvailable_1,AverageBytesAvailable_5,AverageBytesAvailable_10,AverageBytesAvailable_25,AverageBytesAvailable_50,AverageBytesAvailable_100,AverageBytesAvailable_200
Delete,9.37984E7,1.171456E8,1.20782848E8,1.16539392E8,1.31596288E8,1.39165696E8,1.27352832E8
Update_Put_TitleOnly,1.0018816E8,9.920512E7,1.4065664E8,1.43785984E8,1.47324928E8,1.42032896E8,1.43745024E8
Update_Put_AllFields,1.50355968E8,1.54042368E8,1.507328E8,1.65756928E8,1.59858688E8,1.66264832E8,2.732032E8
Update_Post_TitleOnly,2.7435008E8,2.7410432E8,2.79969792E8,2.8033024E8,2.70778368E8,2.40975872E8,2.47300096E8
Create_OnlyTitle,1.42000128E8,1.72457984E8,1.5450112E8,1.29785856E8,1.0027008E8,5.9031552E7,7.0762496E7
Update_Post_AllFields,2.39026176E8,2.43646464E8,2.42614272E8,2.34029056E8,2.19824128E8,2.03169792E8,2.0324352E8
Create_AllFields,7.1090176E7,8.4492288E7,9.4928896E7,7.4334208E7,8.1379328E7,6.3512576E7,9.7329152E7
